0;1,96;6;1,96
0,05;1,96;6;1,96
0,1;1,98;6;1,98
0,15;1,96;6;1,96
0,2;1,96;6;1,96
0,25;1,95;6;1,95
0,3;1,97;6;1,97
0,35;1,95;6;1,95
0,4;1,94;6;1,94
0,45;1,98;6;1,98
0,5;1,98;6;1,98
0,55;1,97;6;1,97
0,6;2;6;2
0,65;1,98;6;1,98
0,7;1,95;6;1,95
0,75;1,97;6;1,97
0,8;1,95;6;1,95
0,85;1,93;6;1,93
0,9;1,91;6;1,91
0,95;1,95;6;1,95
1;1,95;6;1,95
1,05;1,97;6;1,97
1,1;1,93;6;1,93
1,15;1,98;6;1,98
1,2;2,01;6;2,01
1,25;1,96;6;1,96
1,3;1,99;6;1,99
1,35;1,99;6;1,99
1,4;1,98;6;1,98
1,45;1,96;6;1,96
1,5;1,97;6;1,97
1,55;1,94;6;1,94
1,6;1,92;6;1,92
1,65;1,94;6;1,94
1,7;1,95;6;1,95
1,75;1,94;6;1,94
1,8;1,99;6;1,99
1,85;2;6;2
1,9;2,03;6;2,03
1,95;2,02;6;2,02
2;2,04;6;2,04
2,05;2,03;6;2,03
2,1;2,02;6;2,02
2,15;2,01;6;2,01
2,2;1,99;6;1,99
2,25;1,96;6;1,96
2,3;1,94;6;1,94
2,35;1,95;6;1,95
2,4;1,97;6;1,97
2,45;1,94;6;1,94
2,5;1,96;6;1,96
2,55;2;6;2
2,6;2,01;6;2,01
2,65;2;6;2
2,7;2;6;2
2,75;2,04;6;2,04
2,8;2;6;2
2,85;2,02;6;2,02
2,9;2,01;6;2,01
2,95;1,97;6;1,97
3;2;6;2
3,05;1,99;6;1,99
3,1;1,99;6;1,99
3,15;1,96;6;1,96
3,2;1,96;6;1,96
3,25;1,98;6;1,98
3,3;1,97;6;1,97
3,35;1,96;6;1,96
3,4;1,97;6;1,97
3,45;1,97;6;1,97
3,5;1,93;6;1,93
3,55;1,95;6;1,95
3,6;1,94;6;1,94
3,65;1,92;6;1,92
3,69999999999999;1,92;6;1,92
3,74999999999999;1,96;6;1,96
3,79999999999999;1,95;6;1,95
3,84999999999999;1,96;6;1,96
3,89999999999999;1,95;6;1,95
3,94999999999999;1,99;6;1,99
3,99999999999999;2,01;6;2,01
4,04999999999999;1,99;6;1,99
4,09999999999999;2,03;7;2,03
4,14999999999999;2,26;7;2,26
4,19999999999999;2,59;7;2,59
4,24999999999999;2,93;7;2,93
4,29999999999999;3,8;7;3,8
4,34999999999999;4,25;7;4,25
4,39999999999999;4,68;7;4,68
4,44999999999999;5,05;7;5,05
4,49999999999999;5,61;7;5,61
4,54999999999999;5,72;7;5,72
4,59999999999999;5,73;7;5,73
4,64999999999999;5,63;7;5,63
4,69999999999999;5,24;7;5,24
4,74999999999999;5,01;7;5,01
4,79999999999999;4,78;7;4,78
4,84999999999999;4,3;7;4,3
4,89999999999999;4,11;7;4,11
4,94999999999999;3,86;7;3,86
4,99999999999999;3,84;7;3,84
5,04999999999999;3,82;7;3,82
5,09999999999999;3,92;7;3,92
5,14999999999999;3,98;7;3,98
5,19999999999999;4,29;7;4,29
5,24999999999999;4,42;7;4,42
5,29999999999999;4,68;7;4,68
5,34999999999999;4,78;7;4,78
5,39999999999999;4,88;7;4,88
5,44999999999999;4,94;7;4,94
5,49999999999999;4,97;7;4,97
5,54999999999999;4,92;7;4,92
5,59999999999999;4,84;7;4,84
5,64999999999999;4,73;7;4,73
5,69999999999999;4,66;7;4,66
5,74999999999999;4,58;7;4,58
5,79999999999999;4,43;7;4,43
5,84999999999999;4,36;7;4,36
5,89999999999999;4,32;7;4,32
5,94999999999999;4,29;7;4,29
5,99999999999999;4,25;7;4,25
6,04999999999999;4,28;7;4,28
6,09999999999999;4,31;7;4,31
6,14999999999999;4,31;7;4,31
6,19999999999999;4,4;7;4,4
6,24999999999999;4,48;7;4,48
6,29999999999999;4,57;7;4,57
6,34999999999999;4,61;7;4,61
6,39999999999999;4,69;7;4,69
6,44999999999999;4,74;7;4,74
6,49999999999998;4,75;7;4,75
6,54999999999998;4,6;7;4,6
6,59999999999998;4,58;7;4,58
6,64999999999998;4,47;7;4,47
6,69999999999998;4,47;7;4,47
6,74999999999998;4,39;7;4,39
6,79999999999998;4,4;7;4,4
6,84999999999998;4,35;7;4,35
6,89999999999998;4,4;7;4,4
6,94999999999998;4,41;7;4,41
6,99999999999998;4,42;7;4,42
7,04999999999998;4,49;7;4,49
7,09999999999998;4,56;7;4,56
7,14999999999998;4,63;7;4,63
7,19999999999998;4,63;7;4,63
7,24999999999998;4,59;7;4,59
7,29999999999998;4,63;7;4,63
7,34999999999998;4,58;7;4,58
7,39999999999998;4,57;7;4,57
7,44999999999998;4,5;7;4,5
7,49999999999998;4,52;7;4,52
7,54999999999998;4,5;7;4,5
7,59999999999998;4,47;7;4,47
7,64999999999998;4,45;7;4,45
7,69999999999998;4,45;7;4,45
7,74999999999998;4,51;7;4,51
7,79999999999998;4,49;7;4,49
7,84999999999998;4,52;7;4,52
7,89999999999998;4,52;7;4,52
7,94999999999998;4,55;7;4,55
7,99999999999998;4,55;7;4,55
8,04999999999998;4,57;7;4,57
8,09999999999998;4,58;7;4,58
8,14999999999998;4,57;7;4,57
8,19999999999998;4,6;7;4,6
8,24999999999998;4,55;7;4,55
8,29999999999998;4,58;7;4,58
8,34999999999998;4,57;7;4,57
8,39999999999998;4,57;7;4,57
8,44999999999999;4,52;7;4,52
8,49999999999999;4,5;7;4,5
8,54999999999999;4,5;7;4,5
8,59999999999999;4,53;7;4,53
8,64999999999999;4,49;7;4,49
8,69999999999999;4,52;7;4,52
8,74999999999999;4,49;7;4,49
8,79999999999999;4,54;7;4,54
8,84999999999999;4,54;7;4,54
8,89999999999999;4,54;7;4,54
8,94999999999999;4,56;7;4,56
8,99999999999999;4,56;7;4,56
9,04999999999999;4,54;7;4,54
9,09999999999999;4,51;7;4,51
9,15;4,52;7;4,52
9,2;4,49;7;4,49
9,25;4,49;7;4,49
9,3;4,5;7;4,5
9,35;4,5;7;4,5
9,4;4,52;7;4,52
9,45;4,52;7;4,52
9,5;4,54;7;4,54
9,55;4,51;7;4,51
9,6;4,55;7;4,55
9,65;4,54;7;4,54
9,7;4,55;7;4,55
9,75;4,55;7;4,55
9,8;4,56;7;4,56
9,85000000000001;4,6;7;4,6
9,90000000000001;4,57;7;4,57
9,95000000000001;4,6;7;4,6
10;4,57;7;4,57
10,05;4,55;7;4,55
10,1;4,58;7;4,58
10,15;4,56;7;4,56
10,2;4,59;7;4,59
10,25;4,54;7;4,54
10,3;4,55;7;4,55
10,35;4,54;7;4,54
10,4;4,54;7;4,54
10,45;4,53;7;4,53
10,5;4,52;7;4,52
10,55;4,52;7;4,52
10,6;4,49;7;4,49
10,65;4,52;7;4,52
10,7;4,52;7;4,52
10,75;4,54;7;4,54
10,8;4,52;7;4,52
10,85;4,52;7;4,52
10,9;4,53;7;4,53
10,95;4,58;7;4,58
11;4,57;7;4,57
11,05;4,55;7;4,55
11,1;4,56;7;4,56
11,15;4,55;7;4,55
11,2;4,6;7;4,6
11,25;4,56;7;4,56
11,3;4,56;7;4,56
11,35;4,52;7;4,52
11,4;4,55;7;4,55
11,45;4,54;7;4,54
11,5;4,53;7;4,53
11,55;4,52;7;4,52
11,6;4,52;7;4,52
11,65;4,54;7;4,54
11,7;4,5;7;4,5
11,75;4,54;7;4,54
11,8;4,49;7;4,49
11,85;4,49;7;4,49
11,9;4,48;7;4,48
11,95;4,5;7;4,5
12;4,5;7;4,5
12,05;4,5;7;4,5
12,1;4,53;7;4,53
12,15;4,5;7;4,5
12,2;4,54;7;4,54
12,25;4,53;7;4,53
12,3;4,56;7;4,56
12,35;4,55;7;4,55
12,4;4,52;7;4,52
12,45;4,57;7;4,57
12,5;4,54;7;4,54
12,55;4,57;7;4,57
12,6;4,53;7;4,53
12,65;4,53;7;4,53
12,7;4,5;7;4,5
12,75;4,51;7;4,51
12,8;4,52;7;4,52
12,85;4,48;7;4,48
12,9;4,48;7;4,48
12,95;4,47;7;4,47
13;4,51;7;4,51
13,0500000000001;4,49;7;4,49
13,1000000000001;4,52;7;4,52
13,1500000000001;4,51;7;4,51
13,2000000000001;4,54;7;4,54
13,2500000000001;4,55;7;4,55
13,3000000000001;4,56;7;4,56
13,3500000000001;4,56;7;4,56
13,4000000000001;4,52;7;4,52
13,4500000000001;4,56;7;4,56
13,5000000000001;4,5;7;4,5
13,5500000000001;4,54;7;4,54
13,6000000000001;4,52;7;4,52
13,6500000000001;4,49;7;4,49
13,7000000000001;4,51;7;4,51
13,7500000000001;4,5;7;4,5
13,8000000000001;4,49;7;4,49
13,8500000000001;4,52;7;4,52
13,9000000000001;4,48;7;4,48
13,9500000000001;4,53;7;4,53
14,0000000000001;4,5;7;4,5
14,0500000000001;4,54;7;4,54
14,1000000000001;4,52;7;4,52
14,1500000000001;4,53;7;4,53
14,2000000000001;4,51;7;4,51
14,2500000000001;4,52;7;4,52
14,3000000000001;4,52;7;4,52
14,3500000000001;4,5;7;4,5
14,4000000000001;4,54;7;4,54
14,4500000000001;4,49;7;4,49
14,5000000000001;4,55;7;4,55
14,5500000000001;4,54;7;4,54
14,6000000000001;4,59;6;4,59
14,6500000000001;4,26;6;4,26
14,7000000000001;3,06;6;3,06
14,7500000000001;2,52;6;2,52
14,8000000000001;2,02;6;2,02
14,8500000000001;1,64;6;1,64
14,9000000000001;1,36;6;1,36
14,9500000000001;0,86;6;0,86
15,0000000000001;0,73;6;0,73
15,0500000000001;0,74;6;0,74
15,1000000000001;0,83;6;0,83
15,1500000000001;0,98;6;0,98
15,2000000000001;1,18;6;1,18
15,2500000000001;1,38;6;1,38
15,3000000000001;1,86;6;1,86
15,3500000000001;2,1;6;2,1
15,4000000000001;2,31;6;2,31
15,4500000000001;2,64;6;2,64
15,5000000000001;2,79;6;2,79
15,5500000000001;2,79;6;2,79
15,6000000000001;2,69;6;2,69
15,6500000000001;2,59;6;2,59
15,7000000000001;2,45;6;2,45
15,7500000000001;2,08;6;2,08
15,8000000000001;1,99;6;1,99
15,8500000000001;1,73;6;1,73
15,9000000000001;1,63;6;1,63
15,9500000000001;1,55;6;1,55
16,0000000000001;1,5;6;1,5
16,0500000000001;1,48;6;1,48
16,1000000000001;1,51;6;1,51
16,1500000000001;1,56;6;1,56
16,2000000000001;1,61;6;1,61
16,2500000000001;1,77;6;1,77
16,3000000000001;1,83;6;1,83
16,3500000000001;1,91;6;1,91
16,4000000000001;2,08;6;2,08
16,4500000000001;2,18;6;2,18
16,5000000000001;2,2;6;2,2
16,5500000000001;2,19;6;2,19
16,6000000000001;2,17;6;2,17
16,6500000000001;2,15;6;2,15
16,7000000000001;1,99;6;1,99
16,7500000000001;1,94;6;1,94
16,8000000000001;1,88;6;1,88
16,8500000000001;1,78;6;1,78
16,9000000000001;1,77;6;1,77
16,9500000000001;1,74;6;1,74
17,0000000000001;1,77;6;1,77
17,0500000000001;1,78;6;1,78
17,1000000000001;1,84;6;1,84
17,1500000000001;1,95;6;1,95
17,2000000000001;1,95;6;1,95
17,2500000000001;2;6;2
17,3000000000001;2,04;6;2,04
17,3500000000001;2,07;6;2,07
17,4000000000001;2,07;6;2,07
17,4500000000001;2;6;2
17,5000000000001;1,99;6;1,99
17,5500000000001;1,98;6;1,98
17,6000000000001;1,93;6;1,93
17,6500000000001;1,84;6;1,84
17,7000000000001;1,84;6;1,84
17,7500000000001;1,8;6;1,8
17,8000000000001;1,77;6;1,77
17,8500000000001;1,76;6;1,76
17,9000000000001;1,78;6;1,78
17,9500000000001;1,81;6;1,81
18,0000000000001;1,85;6;1,85
18,0500000000001;1,87;6;1,87
18,1000000000001;1,89;6;1,89
18,1500000000001;1,91;6;1,91
18,2000000000001;1,92;6;1,92
18,2500000000001;1,96;6;1,96
18,3000000000001;1,96;6;1,96
18,3500000000001;1,93;6;1,93
18,4000000000001;1,93;6;1,93
18,4500000000001;1,9;6;1,9
18,5000000000001;1,9;6;1,9
18,5500000000001;1,85;6;1,85
18,6000000000001;1,87;6;1,87
18,6500000000001;1,87;6;1,87
18,7000000000001;1,83;6;1,83
18,7500000000001;1,88;6;1,88
18,8000000000001;1,88;6;1,88
18,8500000000001;1,84;6;1,84
18,9000000000001;1,88;6;1,88
18,9500000000001;1,89;6;1,89
19,0000000000001;1,86;6;1,86
19,0500000000001;1,9;6;1,9
19,1000000000001;1,86;6;1,86
19,1500000000001;1,9;6;1,9
19,2000000000001;1,91;6;1,91
19,2500000000001;1,89;6;1,89
19,3000000000001;1,88;6;1,88
19,3500000000001;1,92;6;1,92
19,4000000000001;1,89;6;1,89
19,4500000000001;1,89;6;1,89
19,5000000000001;1,93;6;1,93
19,5500000000001;1,88;6;1,88
19,6000000000001;1,87;6;1,87
19,6500000000001;1,85;6;1,85
19,7000000000001;1,86;6;1,86
19,7500000000001;1,86;6;1,86
19,8000000000001;1,8;6;1,8
19,8500000000001;1,87;6;1,87
19,9000000000001;1,86;6;1,86
19,9500000000001;1,86;6;1,86
20,0000000000001;1,84;6;1,84
20,0500000000002;1,88;6;1,88
20,1000000000002;1,89;6;1,89
20,1500000000002;1,89;6;1,89
20,2000000000002;1,9;6;1,9
20,2500000000002;1,89;6;1,89
20,3000000000002;1,92;6;1,92
20,3500000000002;1,91;6;1,91
20,4000000000002;1,9;6;1,9
20,4500000000002;1,88;6;1,88
20,5000000000002;1,88;6;1,88
20,5500000000002;1,9;6;1,9
20,6000000000002;1,87;6;1,87
20,6500000000002;1,85;6;1,85
20,7000000000002;1,86;6;1,86
20,7500000000002;1,89;6;1,89
20,8000000000002;1,9;6;1,9
20,8500000000002;1,85;6;1,85
20,9000000000002;1,86;6;1,86
20,9500000000002;1,9;6;1,9
21,0000000000002;1,87;6;1,87
21,0500000000002;1,88;6;1,88
21,1000000000002;1,83;6;1,83
21,1500000000002;1,86;6;1,86
21,2000000000002;1,86;6;1,86
21,2500000000002;1,86;6;1,86
21,3000000000002;1,83;6;1,83
21,3500000000002;1,86;6;1,86
21,4000000000002;1,86;6;1,86
21,4500000000002;1,85;6;1,85
21,5000000000002;1,85;6;1,85
21,5500000000002;1,87;6;1,87
21,6000000000002;1,89;6;1,89
21,6500000000002;1,89;6;1,89
21,7000000000002;1,88;6;1,88
21,7500000000002;1,9;6;1,9
21,8000000000002;1,9;6;1,9
21,8500000000002;1,88;6;1,88
21,9000000000002;1,88;6;1,88
21,9500000000002;1,87;6;1,87
22,0000000000002;1,88;6;1,88
22,0500000000002;1,88;6;1,88
22,1000000000002;1,84;6;1,84
22,1500000000002;1,85;6;1,85
22,2000000000002;1,84;6;1,84
22,2500000000002;1,81;6;1,81
22,3000000000002;1,82;6;1,82
22,3500000000002;1,84;6;1,84
22,4000000000002;1,88;6;1,88
22,4500000000002;1,87;6;1,87
22,5000000000002;1,88;6;1,88
22,5500000000002;1,87;6;1,87
22,6000000000002;1,86;6;1,86
22,6500000000002;1,91;6;1,91
22,7000000000002;1,88;6;1,88
22,7500000000002;1,84;6;1,84
22,8000000000002;1,85;6;1,85
22,8500000000002;1,88;6;1,88
22,9000000000002;1,89;6;1,89
22,9500000000002;1,85;6;1,85
23,0000000000002;1,84;6;1,84
23,0500000000002;1,84;6;1,84
23,1000000000002;1,82;6;1,82
23,1500000000002;1,84;6;1,84
23,2000000000002;1,83;6;1,83
23,2500000000002;1,82;6;1,82
23,3000000000002;1,82;6;1,82
23,3500000000002;1,84;6;1,84
23,4000000000002;1,82;6;1,82
23,4500000000002;1,85;6;1,85
23,5000000000002;1,88;6;1,88
23,5500000000002;1,83;6;1,83
23,6000000000002;1,88;6;1,88
23,6500000000002;1,86;6;1,86
23,7000000000002;1,9;6;1,9
23,7500000000002;1,8;7;1,8
23,8000000000002;2,03;7;2,03
23,8500000000002;2,32;7;2,32
23,9000000000002;2,72;7;2,72
23,9500000000002;3,21;7;3,21
24,0000000000002;4,14;7;4,14
24,0500000000002;4,59;7;4,59
24,1000000000002;4,93;7;4,93
24,1500000000002;5,28;7;5,28
24,2000000000002;5,64;7;5,64
24,2500000000002;5,72;7;5,72
24,3000000000002;5,67;7;5,67
24,3500000000002;5,44;7;5,44
24,4000000000002;5,22;7;5,22
24,4500000000002;5,01;7;5,01
24,5000000000002;4,75;7;4,75
24,5500000000002;4,31;7;4,31
24,6000000000002;4,08;7;4,08
24,6500000000002;3,86;7;3,86
24,7000000000002;3,79;7;3,79
24,7500000000002;3,68;7;3,68
24,8000000000002;3,74;7;3,74
24,8500000000002;3,79;7;3,79
24,9000000000002;3,91;7;3,91
24,9500000000002;4,18;7;4,18
25,0000000000002;4,34;7;4,34
25,0500000000002;4,6;7;4,6
25,1000000000002;4,75;7;4,75
25,1500000000002;4,78;7;4,78
25,2000000000002;4,93;7;4,93
25,2500000000002;4,92;7;4,92
25,3000000000002;4,86;7;4,86
25,3500000000002;4,78;7;4,78
25,4000000000002;4,72;7;4,72
25,4500000000002;4,63;7;4,63
25,5000000000002;4,48;7;4,48
25,5500000000002;4,35;7;4,35
25,6000000000002;4,32;7;4,32
25,6500000000002;4,28;7;4,28
25,7000000000002;4,2;7;4,2
25,7500000000002;4,19;7;4,19
25,8000000000002;4,19;7;4,19
25,8500000000002;4,23;7;4,23
25,9000000000002;4,29;7;4,29
25,9500000000002;4,38;7;4,38
26,0000000000002;4,39;7;4,39
26,0500000000002;4,49;7;4,49
26,1000000000002;4,54;7;4,54
26,1500000000002;4,65;7;4,65
26,2000000000002;4,64;7;4,64
26,2500000000002;4,65;7;4,65
26,3000000000002;4,68;7;4,68
26,3500000000002;4,59;7;4,59
26,4000000000002;4,64;7;4,64
26,4500000000002;4,55;7;4,55
26,5000000000002;4,55;7;4,55
26,5500000000002;4,47;7;4,47
26,6000000000002;4,44;7;4,44
26,6500000000002;4,41;7;4,41
26,7000000000002;4,39;7;4,39
26,7500000000002;4,37;7;4,37
26,8000000000002;4,33;7;4,33
26,8500000000002;4,38;7;4,38
26,9000000000002;4,36;7;4,36
26,9500000000002;4,44;7;4,44
27,0000000000002;4,43;7;4,43
27,0500000000002;4,47;7;4,47
27,1000000000003;4,48;7;4,48
27,1500000000003;4,55;7;4,55
27,2000000000003;4,59;7;4,59
27,2500000000003;4,55;7;4,55
27,3000000000003;4,61;7;4,61
27,3500000000003;4,57;7;4,57
27,4000000000003;4,59;7;4,59
27,4500000000003;4,55;7;4,55
27,5000000000003;4,56;7;4,56
27,5500000000003;4,48;7;4,48
27,6000000000003;4,48;7;4,48
27,6500000000003;4,47;7;4,47
27,7000000000003;4,41;7;4,41
27,7500000000003;4,42;7;4,42
27,8000000000003;4,41;7;4,41
27,8500000000003;4,44;7;4,44
27,9000000000003;4,43;7;4,43
27,9500000000003;4,46;7;4,46
28,0000000000003;4,47;7;4,47
28,0500000000003;4,52;7;4,52
28,1000000000003;4,53;7;4,53
28,1500000000003;4,56;7;4,56
28,2000000000003;4,53;7;4,53
28,2500000000003;4,52;7;4,52
28,3000000000003;4,58;7;4,58
28,3500000000003;4,56;7;4,56
28,4000000000003;4,55;7;4,55
28,4500000000003;4,53;7;4,53
28,5000000000003;4,54;7;4,54
28,5500000000003;4,47;7;4,47
28,6000000000003;4,53;7;4,53
28,6500000000003;4,47;7;4,47
28,7000000000003;4,46;7;4,46
28,7500000000003;4,46;7;4,46
28,8000000000003;4,46;7;4,46
28,8500000000003;4,49;7;4,49
28,9000000000003;4,46;7;4,46
28,9500000000003;4,48;7;4,48
29,0000000000003;4,47;7;4,47
29,0500000000003;4,5;7;4,5
29,1000000000003;4,5;7;4,5
29,1500000000003;4,53;7;4,53
29,2000000000003;4,52;7;4,52
29,2500000000003;4,52;7;4,52
29,3000000000003;4,53;7;4,53
29,3500000000003;4,55;7;4,55
29,4000000000003;4,55;7;4,55
29,4500000000003;4,52;7;4,52
29,5000000000003;4,55;7;4,55
29,5500000000003;4,5;7;4,5
29,6000000000003;4,55;7;4,55
29,6500000000003;4,53;7;4,53
29,7000000000003;4,49;7;4,49
29,7500000000003;4,48;7;4,48
29,8000000000003;4,52;7;4,52
29,8500000000003;4,52;7;4,52
29,9000000000003;4,5;7;4,5
29,9500000000003;4,5;7;4,5
30,0000000000003;4,47;7;4,47
30,0500000000003;4,5;7;4,5
30,1000000000003;4,5;7;4,5
30,1500000000003;4,53;7;4,53
30,2000000000003;4,49;7;4,49
30,2500000000003;4,52;7;4,52
30,3000000000003;4,53;7;4,53
30,3500000000003;4,52;7;4,52
30,4000000000003;4,51;7;4,51
30,4500000000003;4,5;7;4,5
30,5000000000003;4,52;7;4,52
30,5500000000003;4,43;7;4,43
30,6000000000003;4,49;7;4,49
30,6500000000003;4,44;7;4,44
30,7000000000003;4,47;7;4,47
30,7500000000003;4,48;7;4,48
30,8000000000003;4,49;7;4,49
30,8500000000003;4,49;7;4,49
30,9000000000003;4,49;7;4,49
30,9500000000003;4,54;7;4,54
31,0000000000003;4,51;7;4,51
31,0500000000003;4,56;7;4,56
31,1000000000003;4,53;7;4,53
31,1500000000003;4,56;7;4,56
31,2000000000003;4,54;7;4,54
31,2500000000003;4,56;7;4,56
31,3000000000003;4,55;7;4,55
31,3500000000003;4,53;7;4,53
31,4000000000003;4,51;7;4,51
31,4500000000003;4,43;7;4,43
31,5000000000003;4,49;7;4,49
31,5500000000003;4,44;7;4,44
31,6000000000003;4,43;7;4,43
31,6500000000003;4,41;7;4,41
31,7000000000003;4,43;7;4,43
31,7500000000003;4,43;7;4,43
31,8000000000003;4,48;7;4,48
31,8500000000003;4,46;7;4,46
31,9000000000003;4,47;7;4,47
31,9500000000003;4,46;7;4,46
32,0000000000003;4,51;7;4,51
32,0500000000003;4,52;7;4,52
32,1000000000003;4,49;7;4,49
32,1500000000003;4,5;7;4,5
32,2000000000003;4,46;7;4,46
32,2500000000003;4,5;7;4,5
32,3000000000003;4,49;7;4,49
32,3500000000003;4,51;7;4,51
32,4000000000003;4,44;7;4,44
32,4500000000003;4,5;7;4,5
32,5000000000003;4,5;7;4,5
32,5500000000003;4,51;7;4,51
32,6000000000003;4,49;7;4,49
32,6500000000003;4,5;7;4,5
32,7000000000003;4,47;7;4,47
32,7500000000003;4,5;7;4,5
32,8000000000003;4,45;7;4,45
32,8500000000003;4,5;7;4,5
32,9000000000003;4,47;7;4,47
32,9500000000003;4,49;7;4,49
33,0000000000003;4,48;7;4,48
33,0500000000003;4,45;7;4,45
33,1000000000003;4,5;7;4,5
33,1500000000003;4,47;7;4,47
33,2000000000003;4,48;7;4,48
33,2500000000002;4,45;7;4,45
33,3000000000002;4,49;7;4,49
33,3500000000002;4,5;7;4,5
33,4000000000002;4,5;7;4,5
33,4500000000002;4,51;7;4,51
33,5000000000002;4,5;7;4,5
33,5500000000002;4,52;7;4,52
33,6000000000002;4,48;7;4,48
33,6500000000002;4,56;7;4,56
33,7000000000002;4,5;7;4,5
33,7500000000002;4,51;7;4,51
33,8000000000002;4,53;7;4,53
33,8500000000002;4,53;7;4,53
33,9000000000002;4,52;7;4,52
33,9500000000002;4,53;7;4,53
34,0000000000002;4,53;7;4,53
34,0500000000002;4,47;7;4,47
34,1000000000002;4,47;7;4,47
34,1500000000002;4,51;7;4,51
34,2000000000002;4,51;7;4,51
34,2500000000002;4,49;7;4,49
34,3000000000002;4,49;7;4,49
34,3500000000002;4,48;7;4,48
34,4000000000002;4,51;7;4,51
34,4500000000002;4,51;7;4,51
34,5000000000002;4,51;7;4,51
34,5500000000002;4,47;7;4,47
34,6000000000002;4,51;7;4,51
34,6500000000002;4,52;7;4,52
34,7000000000002;4,54;7;4,54
34,7500000000002;4,53;7;4,53
34,8000000000002;4,52;7;4,52
34,8500000000002;4,56;7;4,56
34,9000000000002;4,51;7;4,51
34,9500000000002;4,57;7;4,57
35,0000000000001;4,52;7;4,52
35,0500000000001;4,55;7;4,55
35,1000000000001;4,58;6;4,58
35,1500000000001;4,44;6;4,44
35,2000000000001;4,19;6;4,19
35,2500000000001;3,5;6;3,5
35,3000000000001;3,02;6;3,02
35,3500000000001;2,48;6;2,48
35,4000000000001;1,61;6;1,61
35,4500000000001;1,3;6;1,3
35,5000000000001;1,04;6;1,04
35,5500000000001;0,7;6;0,7
35,6000000000001;0,66;6;0,66
35,6500000000001;0,71;6;0,71
35,7000000000001;0,83;6;0,83
35,7500000000001;1,23;6;1,23
35,8000000000001;1,43;6;1,43
35,8500000000001;1,67;6;1,67
35,9000000000001;2,33;6;2,33
35,9500000000001;2,57;6;2,57
36,0000000000001;2,76;6;2,76
36,0500000000001;1,77;6;1,77
36,1000000000001;1,66;6;1,66
36,1500000000001;1,61;6;1,61
36,2000000000001;1,79;6;1,79
36,2500000000001;1,89;6;1,89
36,3000000000001;2,06;6;2,06
36,3500000000001;2,12;6;2,12
36,4000000000001;2,18;6;2,18
36,4500000000001;2,2;6;2,2
36,5000000000001;2,14;6;2,14
36,5500000000001;2,13;6;2,13
36,6000000000001;2,07;6;2,07
36,6500000000001;2,05;6;2,05
36,7000000000001;1,95;6;1,95
36,7500000000001;1,87;6;1,87
36,8;1,84;6;1,84
36,85;1,78;6;1,78
36,9;1,75;6;1,75
36,95;1,74;6;1,74
37;1,72;6;1,72
37,05;1,73;6;1,73
37,1;1,78;6;1,78
37,15;1,8;6;1,8
37,2;1,84;6;1,84
37,25;1,88;6;1,88
37,3;1,94;6;1,94
37,35;1,96;6;1,96
37,4;1,97;6;1,97
37,45;1,99;6;1,99
37,5;2,03;6;2,03
37,55;2,06;6;2,06
37,6;2,02;6;2,02
37,65;2,02;6;2,02
37,7;2,02;6;2,02
37,75;1,99;6;1,99
37,8;1,98;6;1,98
37,85;1,93;6;1,93
37,9;1,91;6;1,91
37,95;1,92;6;1,92
38;1,89;6;1,89
38,05;1,88;6;1,88
38,1;1,86;6;1,86
38,15;1,86;6;1,86
38,2;1,85;6;1,85
38,25;1,85;6;1,85
38,3;1,88;6;1,88
38,35;1,89;6;1,89
38,4;1,91;6;1,91
38,45;1,95;6;1,95
38,5;1,94;6;1,94
38,5499999999999;1,96;6;1,96
38,5999999999999;1,95;6;1,95
38,6499999999999;1,95;6;1,95
38,6999999999999;1,97;6;1,97
38,7499999999999;1,96;6;1,96
38,7999999999999;1,94;6;1,94
38,8499999999999;1,94;6;1,94
38,8999999999999;1,92;6;1,92
38,9499999999999;1,9;6;1,9
38,9999999999999;1,91;6;1,91
39,0499999999999;1,87;6;1,87
39,0999999999999;1,88;6;1,88
39,1499999999999;1,89;6;1,89
39,1999999999999;1,89;6;1,89
39,2499999999999;1,89;6;1,89
39,2999999999999;1,89;6;1,89
39,3499999999999;1,88;6;1,88
39,3999999999999;1,9;6;1,9
39,4499999999999;1,9;6;1,9
39,4999999999999;1,9;6;1,9
39,5499999999999;1,93;6;1,93
39,5999999999999;1,94;6;1,94
39,6499999999999;1,9;6;1,9
39,6999999999999;1,92;6;1,92
39,7499999999999;1,91;6;1,91
39,7999999999999;1,89;6;1,89
39,8499999999999;1,86;6;1,86
39,8999999999999;1,89;6;1,89
39,9499999999999;1,91;6;1,91
39,9999999999999;1,91;6;1,91
40,0499999999999;1,92;6;1,92
40,0999999999999;1,89;6;1,89
40,1499999999999;1,94;6;1,94
40,1999999999999;1,94;6;1,94
40,2499999999999;1,95;6;1,95
40,2999999999998;1,96;6;1,96
40,3499999999998;1,94;6;1,94
40,3999999999998;1,96;6;1,96
40,4499999999998;1,96;6;1,96
40,4999999999998;1,98;6;1,98
40,5499999999998;1,97;6;1,97
40,5999999999998;1,96;6;1,96
40,6499999999998;1,96;6;1,96
40,6999999999998;1,95;6;1,95
40,7499999999998;1,92;6;1,92
40,7999999999998;1,93;6;1,93
40,8499999999998;1,95;6;1,95
40,8999999999998;1,94;6;1,94
40,9499999999998;1,9;6;1,9
40,9999999999998;1,94;6;1,94
41,0499999999998;1,94;6;1,94
41,0999999999998;1,94;6;1,94
41,1499999999998;1,95;6;1,95
41,1999999999998;1,93;6;1,93
41,2499999999998;1,96;6;1,96
41,2999999999998;1,96;6;1,96
41,3499999999998;1,96;6;1,96
41,3999999999998;1,94;6;1,94
41,4499999999998;1,95;6;1,95
41,4999999999998;1,94;6;1,94
41,5499999999998;1,92;6;1,92
41,5999999999998;1,94;6;1,94
41,6499999999998;1,94;6;1,94
41,6999999999998;1,96;6;1,96
41,7499999999998;1,92;6;1,92
41,7999999999998;1,94;6;1,94
41,8499999999998;1,95;6;1,95
41,8999999999998;1,95;6;1,95
41,9499999999998;1,96;6;1,96
41,9999999999998;1,94;6;1,94
42,0499999999997;1,93;6;1,93
42,0999999999997;1,93;6;1,93
42,1499999999997;1,92;6;1,92
42,1999999999997;1,89;6;1,89
42,2499999999997;1,89;6;1,89
42,2999999999997;1,91;6;1,91
42,3499999999997;1,91;6;1,91
42,3999999999997;1,95;6;1,95
42,4499999999997;1,95;6;1,95
42,4999999999997;1,97;6;1,97
42,5499999999997;1,96;6;1,96
42,5999999999997;2,01;6;2,01
42,6499999999997;1,99;6;1,99
42,6999999999997;2;6;2
42,7499999999997;1,98;6;1,98
42,7999999999997;1,97;6;1,97
42,8499999999997;1,95;6;1,95
42,8999999999997;1,94;6;1,94
42,9499999999997;1,93;6;1,93
42,9999999999997;1,93;6;1,93
43,0499999999997;1,93;6;1,93
43,0999999999997;1,9;6;1,9
43,1499999999997;1,92;6;1,92
43,1999999999997;1,94;6;1,94
43,2499999999997;1,93;6;1,93
43,2999999999997;1,97;6;1,97
43,3499999999997;1,93;6;1,93
43,3999999999997;1,97;6;1,97
43,4499999999997;2;6;2
43,4999999999997;2;6;2
43,5499999999997;1,98;6;1,98
43,5999999999997;1,99;6;1,99
43,6499999999997;1,99;6;1,99
43,6999999999997;1,98;6;1,98
43,7499999999997;1,96;6;1,96
43,7999999999996;1,96;6;1,96
43,8499999999996;1,95;6;1,95
43,8999999999996;1,96;6;1,96
43,9499999999996;1,94;6;1,94
43,9999999999996;1,9;6;1,9
44,0499999999996;1,94;6;1,94
44,0999999999996;1,93;6;1,93
44,1499999999996;1,94;6;1,94
44,1999999999996;1,9;6;1,9
44,2499999999996;1,94;6;1,94
44,2999999999996;1,94;6;1,94
44,3499999999996;1,95;6;1,95
44,3999999999996;1,93;6;1,93
44,4499999999996;1,93;6;1,93
44,4999999999996;1,94;6;1,94
44,5499999999996;1,95;6;1,95
44,5999999999996;1,94;6;1,94
44,6499999999996;1,92;6;1,92
44,6999999999996;1,96;6;1,96
44,7499999999996;1,96;6;1,96
44,7999999999996;1,99;6;1,99
44,8499999999996;1,96;6;1,96
44,8999999999996;1,98;6;1,98
44,9499999999996;1,97;6;1,97
44,9999999999996;1,96;6;1,96
45,0499999999996;1,99;6;1,99
45,0999999999996;1,95;6;1,95
45,1499999999996;1,95;6;1,95
45,1999999999996;1,94;6;1,94
45,2499999999996;1,94;6;1,94
45,2999999999996;1,93;6;1,93
45,3499999999996;1,87;7;1,87
45,3999999999996;1,73;7;1,73
45,4499999999996;2,13;7;2,13
45,4999999999996;2,47;7;2,47
45,5499999999996;2,85;7;2,85
45,5999999999995;3,27;7;3,27
45,6499999999995;4,21;7;4,21
45,6999999999995;4,61;7;4,61
45,7499999999995;5;7;5
45,7999999999995;5,26;7;5,26
45,8499999999995;5,65;7;5,65
45,8999999999995;5,66;7;5,66
45,9499999999995;5,65;7;5,65
45,9999999999995;5,53;7;5,53
46,0499999999995;5,2;7;5,2
46,0999999999995;4,94;7;4,94
46,1499999999995;4,47;7;4,47
46,1999999999995;4,22;7;4,22
46,2499999999995;4,05;7;4,05
46,2999999999995;3,91;7;3,91
46,3499999999995;3,75;7;3,75
46,3999999999995;3,71;7;3,71
46,4499999999995;3,87;7;3,87
46,4999999999995;3,94;7;3,94
46,5499999999995;4,09;7;4,09
46,5999999999995;4,39;7;4,39
46,6499999999995;4,54;7;4,54
46,6999999999995;4,69;7;4,69
46,7499999999995;4,88;7;4,88
46,7999999999995;4,9;7;4,9
46,8499999999995;4,96;7;4,96
46,8999999999995;4,89;7;4,89
46,9499999999995;4,83;7;4,83
46,9999999999995;4,78;7;4,78
47,0499999999995;4,6;7;4,6
47,0999999999995;4,53;7;4,53
47,1499999999995;4,39;7;4,39
47,1999999999995;4,36;7;4,36
47,2499999999995;4,26;7;4,26
47,2999999999995;4,24;7;4,24
47,3499999999994;4,22;7;4,22
47,3999999999994;4,23;7;4,23
47,4499999999994;4,26;7;4,26
47,4999999999994;4,32;7;4,32
47,5499999999994;4,35;7;4,35
47,5999999999994;4,36;7;4,36
47,6499999999994;4,48;7;4,48
47,6999999999994;4,58;7;4,58
47,7499999999994;4,63;7;4,63
47,7999999999994;4,65;7;4,65
47,8499999999994;4,67;7;4,67
47,8999999999994;4,65;7;4,65
47,9499999999994;4,66;7;4,66
47,9999999999994;4,63;7;4,63
48,0499999999994;4,57;7;4,57
48,0999999999994;4,48;7;4,48
48,1499999999994;4,48;7;4,48
48,1999999999994;4,44;7;4,44
48,2499999999994;4,38;7;4,38
48,2999999999994;4,38;7;4,38
48,3499999999994;4,36;7;4,36
48,3999999999994;4,4;7;4,4
48,4499999999994;4,39;7;4,39
48,4999999999994;4,43;7;4,43
48,5499999999994;4,43;7;4,43
48,5999999999994;4,47;7;4,47
48,6499999999994;4,48;7;4,48
48,6999999999994;4,55;7;4,55
48,7499999999994;4,53;7;4,53
48,7999999999994;4,53;7;4,53
48,8499999999994;4,54;7;4,54
48,8999999999994;4,55;7;4,55
48,9499999999994;4,52;7;4,52
48,9999999999994;4,52;7;4,52
49,0499999999994;4,52;7;4,52
49,0999999999993;4,48;7;4,48
49,1499999999993;4,52;7;4,52
49,1999999999993;4,48;7;4,48
49,2499999999993;4,52;7;4,52
49,2999999999993;4,5;7;4,5
49,3499999999993;4,51;7;4,51
49,3999999999993;4,51;7;4,51
49,4499999999993;4,51;7;4,51
49,4999999999993;4,51;7;4,51
49,5499999999993;4,49;7;4,49
49,5999999999993;4,51;7;4,51
49,6499999999993;4,49;7;4,49
49,6999999999993;4,47;7;4,47
49,7499999999993;4,47;7;4,47
49,7999999999993;4,48;7;4,48
49,8499999999993;4,44;7;4,44
49,8999999999993;4,49;7;4,49
49,9499999999993;4,46;7;4,46
49,9999999999993;4,45;7;4,45
50,0499999999993;4,49;7;4,49
50,0999999999993;4,51;7;4,51
50,1499999999993;4,54;7;4,54
50,1999999999993;4,52;7;4,52
50,2499999999993;4,53;7;4,53
50,2999999999993;4,51;7;4,51
50,3499999999993;4,55;7;4,55
50,3999999999993;4,53;7;4,53
50,4499999999993;4,5;7;4,5
50,4999999999993;4,47;7;4,47
50,5499999999993;4,49;7;4,49
50,5999999999993;4,47;7;4,47
50,6499999999993;4,45;7;4,45
50,6999999999993;4,45;7;4,45
50,7499999999993;4,42;7;4,42
50,7999999999993;4,47;7;4,47
50,8499999999992;4,47;7;4,47
50,8999999999992;4,5;7;4,5
50,9499999999992;4,48;7;4,48
50,9999999999992;4,51;7;4,51
51,0499999999992;4,5;7;4,5
51,0999999999992;4,53;7;4,53
51,1499999999992;4,51;7;4,51
51,1999999999992;4,51;7;4,51
51,2499999999992;4,5;7;4,5
51,2999999999992;4,49;7;4,49
51,3499999999992;4,47;7;4,47
51,3999999999992;4,46;7;4,46
51,4499999999992;4,47;7;4,47
51,4999999999992;4,43;7;4,43
51,5499999999992;4,43;7;4,43
51,5999999999992;4,42;7;4,42
51,6499999999992;4,47;7;4,47
51,6999999999992;4,49;7;4,49
51,7499999999992;4,49;7;4,49
51,7999999999992;4,51;7;4,51
51,8499999999992;4,5;7;4,5
51,8999999999992;4,52;7;4,52
51,9499999999992;4,52;7;4,52
51,9999999999992;4,49;7;4,49
52,0499999999992;4,47;7;4,47
52,0999999999992;4,51;7;4,51
52,1499999999992;4,53;7;4,53
52,1999999999992;4,49;7;4,49
52,2499999999992;4,5;7;4,5
52,2999999999992;4,46;7;4,46
52,3499999999992;4,46;7;4,46
52,3999999999992;4,46;7;4,46
52,4499999999992;4,45;7;4,45
52,4999999999992;4,47;7;4,47
52,5499999999992;4,46;7;4,46
52,5999999999991;4,46;7;4,46
52,6499999999991;4,52;7;4,52
52,6999999999991;4,51;7;4,51
52,7499999999991;4,5;7;4,5
52,7999999999991;4,51;7;4,51
52,8499999999991;4,51;7;4,51
52,8999999999991;4,48;7;4,48
52,9499999999991;4,53;7;4,53
52,9999999999991;4,48;7;4,48
53,0499999999991;4,49;7;4,49
53,0999999999991;4,48;7;4,48
53,1499999999991;4,47;7;4,47
53,1999999999991;4,47;7;4,47
53,2499999999991;4,47;7;4,47
53,2999999999991;4,5;7;4,5
53,3499999999991;4,49;7;4,49
53,3999999999991;4,51;7;4,51
53,4499999999991;4,51;7;4,51
53,4999999999991;4,5;7;4,5
53,5499999999991;4,45;7;4,45
53,5999999999991;4,49;7;4,49
53,6499999999991;4,48;7;4,48
53,6999999999991;4,47;7;4,47
53,7499999999991;4,44;7;4,44
53,7999999999991;4,44;7;4,44
53,8499999999991;4,48;7;4,48
53,8999999999991;4,46;7;4,46
53,9499999999991;4,48;7;4,48
53,9999999999991;4,49;7;4,49
54,0499999999991;4,52;7;4,52
54,0999999999991;4,53;7;4,53
54,1499999999991;4,51;7;4,51
54,1999999999991;4,53;7;4,53
54,2499999999991;4,52;7;4,52
54,2999999999991;4,53;7;4,53
54,349999999999;4,51;7;4,51
54,399999999999;4,51;7;4,51
54,449999999999;4,48;7;4,48
54,499999999999;4,5;7;4,5
54,549999999999;4,49;7;4,49
54,599999999999;4,46;7;4,46
54,649999999999;4,42;7;4,42
54,699999999999;4,44;7;4,44
54,749999999999;4,44;7;4,44
54,799999999999;4,44;7;4,44
54,849999999999;4,44;7;4,44
54,899999999999;4,42;7;4,42
54,949999999999;4,45;7;4,45
54,999999999999;4,46;7;4,46
55,049999999999;4,47;7;4,47
55,099999999999;4,44;7;4,44
55,149999999999;4,49;7;4,49
55,199999999999;4,45;7;4,45
55,249999999999;4,51;7;4,51
55,299999999999;4,49;7;4,49
55,349999999999;4,52;7;4,52
55,399999999999;4,53;7;4,53
55,449999999999;4,53;7;4,53
55,499999999999;4,53;7;4,53
55,549999999999;4,52;7;4,52
55,599999999999;4,52;7;4,52
55,649999999999;4,5;7;4,5
55,699999999999;4,5;7;4,5
55,749999999999;4,48;7;4,48
55,799999999999;4,47;7;4,47
55,849999999999;4,44;7;4,44
55,899999999999;4,44;7;4,44
55,949999999999;4,48;7;4,48
55,999999999999;4,46;7;4,46
56,049999999999;4,47;7;4,47
56,099999999999;4,49;7;4,49
56,1499999999989;4,55;6;4,55
56,1999999999989;4,44;6;4,44
56,2499999999989;4,22;6;4,22
56,2999999999989;3,49;6;3,49
56,3499999999989;3,04;6;3,04
56,3999999999989;2,54;6;2,54
56,4499999999989;2,06;6;2,06
56,4999999999989;1,39;6;1,39
56,5499999999989;1,09;6;1,09
56,5999999999989;0,74;6;0,74
56,6499999999989;0,68;6;0,68
56,6999999999989;0,69;6;0,69
56,7499999999989;0,82;6;0,82
56,7999999999989;1,19;6;1,19
56,8499999999989;1,41;6;1,41
56,8999999999989;1,65;6;1,65
56,9499999999989;1,88;6;1,88
56,9999999999989;2,31;6;2,31
57,0499999999989;2,52;6;2,52
57,0999999999989;2,76;6;2,76
57,1499999999989;2,8;6;2,8
57,1999999999989;2,72;6;2,72
57,2499999999989;2,6;6;2,6
57,2999999999989;2,4;6;2,4
57,3499999999989;2,14;6;2,14
57,3999999999989;1,98;6;1,98
57,4499999999989;1,84;6;1,84
57,4999999999989;1,7;6;1,7
57,5499999999989;1,56;6;1,56
57,5999999999989;1,54;6;1,54
57,6499999999989;1,5;6;1,5
57,6999999999989;1,51;6;1,51
57,7499999999989;1,57;6;1,57
57,7999999999989;1,65;6;1,65
57,8499999999989;1,74;6;1,74
57,8999999999988;1,83;6;1,83
57,9499999999988;1,99;6;1,99
57,9999999999988;2,04;6;2,04
58,0499999999988;2,15;6;2,15
58,0999999999988;2,2;6;2,2
58,1499999999988;2,25;6;2,25
58,1999999999988;2,22;6;2,22
58,2499999999988;2,15;6;2,15
58,2999999999988;2,12;6;2,12
58,3499999999988;2,07;6;2,07
58,3999999999988;2;6;2
58,4499999999988;1,86;6;1,86
58,4999999999988;1,86;6;1,86
58,5499999999988;1,78;6;1,78
58,5999999999988;1,77;6;1,77
58,6499999999988;1,78;6;1,78
58,6999999999988;1,76;6;1,76
58,7499999999988;1,79;6;1,79
58,7999999999988;1,78;6;1,78
58,8499999999988;1,87;6;1,87
58,8999999999988;1,92;6;1,92
58,9499999999988;1,94;6;1,94
58,9999999999988;1,98;6;1,98
59,0499999999988;2,02;6;2,02
59,0999999999988;2,06;6;2,06
59,1499999999988;2,06;6;2,06
59,1999999999988;2,04;6;2,04
59,2499999999988;2,06;6;2,06
59,2999999999988;2,01;6;2,01
59,3499999999988;1,99;6;1,99
59,3999999999988;1,98;6;1,98
59,4499999999988;1,93;6;1,93
59,4999999999988;1,92;6;1,92
59,5499999999988;1,87;6;1,87
59,5999999999988;1,88;6;1,88
59,6499999999987;1,89;6;1,89
59,6999999999987;1,87;6;1,87
59,7499999999987;1,88;6;1,88
59,7999999999987;1,87;6;1,87
59,8499999999987;1,93;6;1,93
59,8999999999987;1,96;6;1,96
59,9499999999987;1,97;6;1,97
59,9999999999987;1,96;6;1,96
60,0499999999987;1,98;6;1,98
60,0999999999987;1,98;6;1,98
60,1499999999987;1,98;6;1,98
60,1999999999987;1,97;6;1,97
60,2499999999987;1,93;6;1,93
60,2999999999987;1,93;6;1,93
60,3499999999987;1,95;6;1,95
60,3999999999987;1,95;6;1,95
60,4499999999987;1,88;6;1,88
60,4999999999987;1,9;6;1,9
60,5499999999987;1,89;6;1,89
60,5999999999987;1,92;6;1,92
60,6499999999987;1,95;6;1,95
60,6999999999987;1,93;6;1,93
60,7499999999987;1,94;6;1,94
60,7999999999987;1,94;6;1,94
60,8499999999987;1,98;6;1,98
60,8999999999987;2;6;2
60,9499999999987;2;6;2
60,9999999999987;1,96;6;1,96
61,0499999999987;1,97;6;1,97
61,0999999999987;1,96;6;1,96
61,1499999999987;1,94;6;1,94
61,1999999999987;1,93;6;1,93
61,2499999999987;1,87;6;1,87
61,2999999999987;1,89;6;1,89
61,3499999999987;1,89;6;1,89
61,3999999999986;1,9;6;1,9
61,4499999999986;1,88;6;1,88
61,4999999999986;1,88;6;1,88
61,5499999999986;1,87;6;1,87
61,5999999999986;1,91;6;1,91
61,6499999999986;1,96;6;1,96
61,6999999999986;1,95;6;1,95
61,7499999999986;1,93;6;1,93
61,7999999999986;1,94;6;1,94
61,8499999999986;1,95;6;1,95
61,8999999999986;1,99;6;1,99
61,9499999999986;1,96;6;1,96
61,9999999999986;1,94;6;1,94
62,0499999999986;1,93;6;1,93
62,0999999999986;1,93;6;1,93
62,1499999999986;1,92;6;1,92
62,1999999999986;1,89;6;1,89
62,2499999999986;1,89;6;1,89
62,2999999999986;1,87;6;1,87
62,3499999999986;1,89;6;1,89
62,3999999999986;1,91;6;1,91
62,4499999999986;1,93;6;1,93
62,4999999999986;1,93;6;1,93
62,5499999999986;1,88;6;1,88
62,5999999999986;1,94;6;1,94
62,6499999999986;1,98;6;1,98
62,6999999999986;1,96;6;1,96
62,7499999999986;1,98;6;1,98
62,7999999999986;1,97;6;1,97
62,8499999999986;1,97;6;1,97
62,8999999999986;2,01;6;2,01
62,9499999999986;1,98;6;1,98
62,9999999999986;1,98;6;1,98
63,0499999999986;1,94;6;1,94
63,0999999999986;1,95;6;1,95
63,1499999999985;1,93;6;1,93
63,1999999999985;1,92;6;1,92
63,2499999999985;1,86;6;1,86
63,2999999999985;1,9;6;1,9
63,3499999999985;1,91;6;1,91
63,3999999999985;1,9;6;1,9
63,4499999999985;1,92;6;1,92
63,4999999999985;1,95;6;1,95
63,5499999999985;1,9;6;1,9
63,5999999999985;1,95;6;1,95
63,6499999999985;1,94;6;1,94
63,6999999999985;1,96;6;1,96
63,7499999999985;1,96;6;1,96
63,7999999999985;1,95;6;1,95
63,8499999999985;1,93;6;1,93
63,8999999999985;1,93;6;1,93
63,9499999999985;1,93;6;1,93
63,9999999999985;1,92;6;1,92
64,0499999999985;1,9;6;1,9
64,0999999999985;1,87;6;1,87
64,1499999999985;1,9;6;1,9
64,1999999999985;1,9;6;1,9
64,2499999999985;1,88;6;1,88
64,2999999999985;1,88;6;1,88
64,3499999999985;1,88;6;1,88
64,3999999999985;1,91;6;1,91
64,4499999999985;1,92;6;1,92
64,4999999999985;1,92;6;1,92
64,5499999999985;1,91;6;1,91
64,5999999999985;1,92;6;1,92
64,6499999999985;1,94;6;1,94
64,6999999999985;1,96;6;1,96
64,7499999999985;1,93;6;1,93
64,7999999999985;1,92;6;1,92
64,8499999999985;1,93;6;1,93
64,8999999999985;1,93;6;1,93
64,9499999999985;1,95;6;1,95
64,9999999999985;1,93;6;1,93
65,0499999999984;1,91;6;1,91
65,0999999999984;1,91;6;1,91
65,1499999999984;1,95;7;1,95
65,1999999999984;2,13;7;2,13
65,2499999999984;2,5;7;2,5
65,2999999999984;3,33;7;3,33
65,3499999999984;3,78;7;3,78
65,3999999999984;4,25;7;4,25
65,4499999999984;5,03;7;5,03
65,4999999999984;5,31;7;5,31
65,5499999999984;5,55;7;5,55
65,5999999999984;5,65;7;5,65
65,6499999999984;5,64;7;5,64
65,6999999999984;5,53;7;5,53
65,7499999999984;5,16;7;5,16
65,7999999999984;4,88;7;4,88
65,8499999999984;4,68;7;4,68
65,8999999999984;4,39;7;4,39
65,9499999999984;4;7;4
65,9999999999984;3,84;7;3,84
66,0499999999984;3,74;7;3,74
66,0999999999984;3,68;7;3,68
66,1499999999984;3,76;7;3,76
66,1999999999984;3,83;7;3,83
66,2499999999984;4,08;7;4,08
66,2999999999984;4,25;7;4,25
66,3499999999984;4,43;7;4,43
66,3999999999984;4,58;7;4,58
66,4499999999984;4,68;7;4,68
66,4999999999984;4,88;7;4,88
66,5499999999984;4,91;7;4,91
66,5999999999984;4,93;7;4,93
66,6499999999984;4,89;7;4,89
66,6999999999984;4,82;7;4,82
66,7499999999984;4,68;7;4,68
66,7999999999983;4,58;7;4,58
66,8499999999983;4,45;7;4,45
66,8999999999983;4,27;7;4,27
66,9499999999983;4,25;7;4,25
66,9999999999983;4,23;7;4,23
67,0499999999983;4,19;7;4,19
67,0999999999983;4,19;7;4,19
67,1499999999983;4,21;7;4,21
67,1999999999983;4,3;7;4,3
67,2499999999983;4,34;7;4,34
67,2999999999983;4,42;7;4,42
67,3499999999983;4,46;7;4,46
67,3999999999983;4,61;7;4,61
67,4499999999983;4,62;7;4,62
67,4999999999983;4,68;7;4,68
67,5499999999983;4,68;7;4,68
67,5999999999983;4,7;7;4,7
67,6499999999983;4,66;7;4,66
67,6999999999983;4,62;7;4,62
67,7499999999983;4,59;7;4,59
67,7999999999983;4,5;7;4,5
67,8499999999983;4,47;7;4,47
67,8999999999983;4,38;7;4,38
67,9499999999983;4,37;7;4,37
67,9999999999983;4,31;7;4,31
68,0499999999983;4,31;7;4,31
68,0999999999983;4,3;7;4,3
68,1499999999983;4,33;7;4,33
68,1999999999983;4,35;7;4,35
68,2499999999983;4,41;7;4,41
68,2999999999983;4,43;7;4,43
68,3499999999983;4,44;7;4,44
68,3999999999983;4,48;7;4,48
68,4499999999983;4,56;7;4,56
68,4999999999983;4,58;7;4,58
68,5499999999982;4,58;7;4,58
68,5999999999982;4,6;7;4,6
68,6499999999982;4,58;7;4,58
68,6999999999982;4,6;7;4,6
68,7499999999982;4,55;7;4,55
68,7999999999982;4,5;7;4,5
68,8499999999982;4,48;7;4,48
68,8999999999982;4,48;7;4,48
68,9499999999982;4,47;7;4,47
68,9999999999982;4,44;7;4,44
69,0499999999982;4,4;7;4,4
69,0999999999982;4,41;7;4,41
69,1499999999982;4,44;7;4,44
69,1999999999982;4,43;7;4,43
69,2499999999982;4,42;7;4,42
69,2999999999982;4,4;7;4,4
69,3499999999982;4,44;7;4,44
69,3999999999982;4,43;7;4,43
69,4499999999982;4,49;7;4,49
69,4999999999982;4,47;7;4,47
69,5499999999982;4,51;7;4,51
69,5999999999982;4,52;7;4,52
69,6499999999982;4,53;7;4,53
69,6999999999982;4,51;7;4,51
69,7499999999982;4,52;7;4,52
69,7999999999982;4,53;7;4,53
69,8499999999982;4,52;7;4,52
69,8999999999982;4,53;7;4,53
69,9499999999982;4,47;7;4,47
69,9999999999982;4,48;7;4,48
70,0499999999982;4,47;7;4,47
70,0999999999982;4,47;7;4,47
70,1499999999982;4,44;7;4,44
70,1999999999982;4,46;7;4,46
70,2499999999982;4,45;7;4,45
70,2999999999982;4,42;7;4,42
70,3499999999981;4,46;7;4,46
70,3999999999981;4,47;7;4,47
70,4499999999981;4,49;7;4,49
70,4999999999981;4,47;7;4,47
70,5499999999981;4,5;7;4,5
70,5999999999981;4,49;7;4,49
70,6499999999981;4,53;7;4,53
70,6999999999981;4,5;7;4,5
70,7499999999981;4,49;7;4,49
70,7999999999981;4,49;7;4,49
70,8499999999981;4,51;7;4,51
70,8999999999981;4,51;7;4,51
70,9499999999981;4,45;7;4,45
70,9999999999981;4,46;7;4,46
71,0499999999981;4,49;7;4,49
71,0999999999981;4,51;7;4,51
71,1499999999981;4,49;7;4,49
71,1999999999981;4,49;7;4,49
71,2499999999981;4,48;7;4,48
71,2999999999981;4,51;7;4,51
71,3499999999981;4,5;7;4,5
71,3999999999981;4,5;7;4,5
71,4499999999981;4,46;7;4,46
71,4999999999981;4,49;7;4,49
71,5499999999981;4,51;7;4,51
71,5999999999981;4,5;7;4,5
71,6499999999981;4,5;7;4,5
71,6999999999981;4,49;7;4,49
71,7499999999981;4,54;7;4,54
71,7999999999981;4,49;7;4,49
71,8499999999981;4,51;7;4,51
71,8999999999981;4,49;7;4,49
71,9499999999981;4,52;7;4,52
71,9999999999981;4,47;7;4,47
72,0499999999981;4,51;7;4,51
72,099999999998;4,47;7;4,47
72,149999999998;4,47;7;4,47
72,199999999998;4,48;7;4,48
72,249999999998;4,5;7;4,5
72,299999999998;4,48;7;4,48
72,349999999998;4,48;7;4,48
72,399999999998;4,51;7;4,51
72,449999999998;4,45;7;4,45
72,499999999998;4,51;7;4,51
72,549999999998;4,45;7;4,45
72,599999999998;4,49;7;4,49
72,649999999998;4,47;7;4,47
72,699999999998;4,46;7;4,46
72,749999999998;4,46;7;4,46
72,799999999998;4,48;7;4,48
72,849999999998;4,46;7;4,46
72,899999999998;4,43;7;4,43
72,949999999998;4,45;7;4,45
72,999999999998;4,49;7;4,49
73,049999999998;4,5;7;4,5
73,099999999998;4,49;7;4,49
73,149999999998;4,51;7;4,51
73,199999999998;4,51;7;4,51
73,249999999998;4,53;7;4,53
73,299999999998;4,54;7;4,54
73,349999999998;4,52;7;4,52
73,399999999998;4,55;7;4,55
73,449999999998;4,54;7;4,54
73,499999999998;4,52;7;4,52
73,549999999998;4,51;7;4,51
73,599999999998;4,48;7;4,48
73,649999999998;4,52;7;4,52
73,699999999998;4,49;7;4,49
73,749999999998;4,51;7;4,51
73,799999999998;4,46;7;4,46
73,8499999999979;4,5;7;4,5
73,8999999999979;4,5;7;4,5
73,9499999999979;4,51;7;4,51
73,9999999999979;4,48;7;4,48
74,0499999999979;4,53;7;4,53
74,0999999999979;4,5;7;4,5
74,1499999999979;4,51;7;4,51
74,1999999999979;4,49;7;4,49
74,2499999999979;4,49;7;4,49
74,2999999999979;4,49;7;4,49
74,3499999999979;4,52;7;4,52
74,3999999999979;4,5;7;4,5
74,4499999999979;4,47;7;4,47
74,4999999999979;4,48;7;4,48
74,5499999999979;4,47;7;4,47
74,5999999999979;4,48;7;4,48
74,6499999999979;4,43;7;4,43
74,6999999999979;4,47;7;4,47
74,7499999999979;4,42;7;4,42
74,7999999999979;4,47;7;4,47
74,8499999999979;4,43;7;4,43
74,8999999999979;4,45;7;4,45
74,9499999999979;4,44;7;4,44
74,9999999999979;4,45;7;4,45
75,0499999999979;4,45;7;4,45
75,0999999999979;4,46;7;4,46
75,1499999999979;4,46;7;4,46
75,1999999999979;4,44;7;4,44
75,2499999999979;4,47;7;4,47
75,2999999999979;4,46;7;4,46
75,3499999999979;4,48;7;4,48
75,3999999999979;4,46;7;4,46
75,4499999999979;4,51;7;4,51
75,4999999999979;4,49;7;4,49
75,5499999999979;4,53;7;4,53
75,5999999999978;4,52;7;4,52
75,6499999999978;4,53;7;4,53
75,6999999999978;4,5;7;4,5
75,7499999999978;4,51;7;4,51
75,7999999999978;4,5;7;4,5
75,8499999999978;4,44;7;4,44
75,8999999999978;4,44;7;4,44
75,9499999999978;4,45;7;4,45
75,9999999999978;4,44;7;4,44
76,0499999999978;4,42;7;4,42
76,0999999999978;4,42;7;4,42
76,1499999999978;4,42;7;4,42
76,1999999999978;4,48;7;4,48
76,2499999999978;4,45;7;4,45
76,2999999999978;4,47;7;4,47
76,3499999999978;4,49;7;4,49
76,3999999999978;4,51;7;4,51
76,4499999999978;4,53;7;4,53
76,4999999999978;4,51;7;4,51
76,5499999999978;4,48;7;4,48
76,5999999999978;4,5;7;4,5
76,6499999999978;4,49;7;4,49
76,6999999999978;4,49;7;4,49
76,7499999999978;4,49;7;4,49
76,7999999999978;4,48;7;4,48
76,8499999999978;4,49;7;4,49
76,8999999999978;4,54;6;4,54
76,9499999999978;4,41;6;4,41
76,9999999999978;4,21;6;4,21
77,0499999999978;3,91;6;3,91
77,0999999999978;3,06;6;3,06
77,1499999999978;2,6;6;2,6
77,1999999999978;2,08;6;2,08
77,2499999999978;1,4;6;1,4
77,2999999999978;1,15;6;1,15
77,3499999999977;0,78;6;0,78
77,3999999999977;0,72;6;0,72
77,4499999999977;0,77;6;0,77
77,4999999999977;0,86;6;0,86
77,5499999999977;1,03;6;1,03
77,5999999999977;1,66;6;1,66
77,6499999999977;1,9;6;1,9
77,6999999999977;2,34;6;2,34
77,7499999999977;2,51;6;2,51
77,7999999999977;2,68;6;2,68
77,8499999999977;2,77;6;2,77
77,8999999999977;2,8;6;2,8
77,9499999999977;2,72;6;2,72
77,9999999999977;2,61;6;2,61
78,0499999999977;2,3;6;2,3
78,0999999999977;2,15;6;2,15
78,1499999999977;1,84;6;1,84
78,1999999999977;1,75;6;1,75
78,2499999999977;1,68;6;1,68
78,2999999999977;1,62;6;1,62
78,3499999999977;1,57;6;1,57
78,3999999999977;1,61;6;1,61
78,4499999999977;1,66;6;1,66
78,4999999999977;1,78;6;1,78
78,5499999999977;1,83;6;1,83
78,5999999999977;2,11;6;2,11
78,6499999999977;2,17;6;2,17
78,6999999999977;2,23;6;2,23
78,7499999999977;2,27;6;2,27
78,7999999999977;2,28;6;2,28
78,8499999999977;2,27;6;2,27
78,8999999999977;2,17;6;2,17
78,9499999999977;2,09;6;2,09
78,9999999999977;2,08;6;2,08
79,0499999999977;2,02;6;2,02
79,0999999999977;1,92;6;1,92
79,1499999999976;1,85;6;1,85
79,1999999999976;1,83;6;1,83
79,2499999999976;1,81;6;1,81
79,2999999999976;1,77;6;1,77
79,3499999999976;1,75;6;1,75
79,3999999999976;1,76;6;1,76
79,4499999999976;1,78;6;1,78
79,4999999999976;1,87;6;1,87
79,5499999999976;1,9;6;1,9
79,5999999999976;1,92;6;1,92
79,6499999999976;1,96;6;1,96
79,6999999999976;2,06;6;2,06
79,7499999999976;2,13;6;2,13
79,7999999999976;2,1;6;2,1
79,8499999999976;2,12;6;2,12
79,8999999999976;2,1;6;2,1
79,9499999999976;2,09;6;2,09
79,9999999999976;2,05;6;2,05
80,0499999999976;2,03;6;2,03
80,0999999999976;1,96;6;1,96
80,1499999999976;1,88;6;1,88
80,1999999999976;1,81;6;1,81
80,2499999999976;1,97;6;1,97
80,2999999999976;1,97;6;1,97
80,3499999999976;1,96;6;1,96
80,3999999999976;2,01;6;2,01
80,4499999999976;2,03;6;2,03
80,4999999999976;2,01;6;2,01
80,5499999999976;1,98;6;1,98
80,5999999999976;1,95;6;1,95
80,6499999999976;1,89;6;1,89
80,6999999999976;1,9;6;1,9
80,7499999999976;1,89;6;1,89
80,7999999999976;1,89;6;1,89
80,8499999999976;1,89;6;1,89
80,8999999999975;1,88;6;1,88
80,9499999999975;1,88;6;1,88
80,9999999999975;1,88;6;1,88
81,0499999999975;1,91;6;1,91
81,0999999999975;1,93;6;1,93
81,1499999999975;1,92;6;1,92
81,1999999999975;1,92;6;1,92
81,2499999999975;1,92;6;1,92
81,2999999999975;1,93;6;1,93
81,3499999999975;1,92;6;1,92
81,3999999999975;1,91;6;1,91
81,4499999999975;1,94;6;1,94
81,4999999999975;1,92;6;1,92
81,5499999999975;1,94;6;1,94
81,5999999999975;1,9;6;1,9
81,6499999999975;1,93;6;1,93
81,6999999999975;1,88;6;1,88
81,7499999999975;1,89;6;1,89
81,7999999999975;1,89;6;1,89
81,8499999999975;1,86;6;1,86
81,8999999999975;1,87;6;1,87
81,9499999999975;1,84;6;1,84
81,9999999999975;1,85;6;1,85
82,0499999999975;1,89;6;1,89
82,0999999999975;1,88;6;1,88
82,1499999999975;1,86;6;1,86
82,1999999999975;1,89;6;1,89
82,2499999999975;1,9;6;1,9
82,2999999999975;1,88;6;1,88
82,3499999999975;1,87;6;1,87
82,3999999999975;1,86;6;1,86
82,4499999999975;1,92;6;1,92
82,4999999999975;1,91;6;1,91
82,5499999999975;1,89;6;1,89
82,5999999999975;1,9;6;1,9
82,6499999999974;1,92;6;1,92
82,6999999999974;1,92;6;1,92
82,7499999999974;1,9;6;1,9
82,7999999999974;1,91;6;1,91
82,8499999999974;1,91;6;1,91
82,8999999999974;1,88;6;1,88
82,9499999999974;1,88;6;1,88
82,9999999999974;1,89;6;1,89
83,0499999999974;1,9;6;1,9
83,0999999999974;1,85;6;1,85
83,1499999999974;1,86;6;1,86
83,1999999999974;1,89;6;1,89
83,2499999999974;1,88;6;1,88
83,2999999999974;1,86;6;1,86
83,3499999999974;1,86;6;1,86
83,3999999999974;1,85;6;1,85
83,4499999999974;1,84;6;1,84
83,4999999999974;1,87;6;1,87
83,5499999999974;1,86;6;1,86
83,5999999999974;1,86;6;1,86
83,6499999999974;1,89;6;1,89
83,6999999999974;1,88;6;1,88
83,7499999999974;1,84;6;1,84
83,7999999999974;1,87;6;1,87
83,8499999999974;1,87;6;1,87
83,8999999999974;1,88;6;1,88
83,9499999999974;1,86;6;1,86
83,9999999999974;1,85;6;1,85
84,0499999999974;1,87;6;1,87
84,0999999999974;1,85;6;1,85
84,1499999999974;1,82;6;1,82
84,1999999999974;1,81;6;1,81
84,2499999999974;1,84;6;1,84
84,2999999999974;1,83;6;1,83
84,3499999999974;1,83;6;1,83
84,3999999999973;1,82;6;1,82
84,4499999999973;1,84;6;1,84
84,4999999999973;1,87;6;1,87
84,5499999999973;1,87;6;1,87
84,5999999999973;1,86;6;1,86
84,6499999999973;1,87;6;1,87
84,6999999999973;1,88;6;1,88
84,7499999999973;1,89;6;1,89
84,7999999999973;1,87;6;1,87
84,8499999999973;1,87;6;1,87
84,8999999999973;1,92;6;1,92
84,9499999999973;1,89;6;1,89
84,9999999999973;1,89;6;1,89
85,0499999999973;1,89;6;1,89
85,0999999999973;1,87;6;1,87
85,1499999999973;1,92;6;1,92
85,1999999999973;1,91;6;1,91
85,2499999999973;1,89;6;1,89
85,2999999999973;1,87;6;1,87
85,3499999999973;1,9;6;1,9
85,3999999999973;1,89;6;1,89
85,4499999999973;1,89;6;1,89
85,4999999999973;1,87;6;1,87
85,5499999999973;1,9;6;1,9
85,5999999999973;1,86;6;1,86
85,6499999999973;1,85;6;1,85
85,6999999999973;1,87;6;1,87
85,7499999999973;1,84;6;1,84
85,7999999999973;1,9;6;1,9
85,8499999999973;1,88;6;1,88
85,8999999999973;1,87;6;1,87
85,9499999999973;1,88;6;1,88
85,9999999999973;1,89;6;1,89
86,0499999999973;1,91;6;1,91
86,0999999999973;1,91;6;1,91
86,1499999999972;1,93;6;1,93
86,1999999999972;1,92;6;1,92
86,2499999999972;1,98;6;1,98
86,2999999999972;1,93;6;1,93
86,3499999999972;1,91;6;1,91
86,3999999999972;1,9;6;1,9
86,4499999999972;1,87;6;1,87
86,4999999999972;1,9;6;1,9
86,5499999999972;1,86;6;1,86
86,5999999999972;1,85;6;1,85
86,6499999999972;1,83;6;1,83
86,6999999999972;1,87;6;1,87
86,7499999999972;5,63;7;5,63
86,7999999999972;5,56;7;5,56
86,8499999999972;3,99;7;3,99
86,8999999999972;3,79;7;3,79
86,9499999999972;3,79;7;3,79
86,9999999999972;3,72;7;3,72
87,0499999999972;3,73;7;3,73
87,0999999999972;3,98;7;3,98
87,1499999999972;4,09;7;4,09
87,1999999999972;4,37;7;4,37
87,2499999999972;4,49;7;4,49
87,2999999999972;4,64;7;4,64
87,3499999999972;4,79;7;4,79
87,3999999999972;4,87;7;4,87
87,4499999999972;4,87;7;4,87
87,4999999999972;4,88;7;4,88
87,5499999999972;4,81;7;4,81
87,5999999999972;4,75;7;4,75
87,6499999999972;4,56;7;4,56
87,6999999999972;4,49;7;4,49
87,7499999999972;4,4;7;4,4
87,7999999999972;4,3;7;4,3
87,8499999999972;4,2;7;4,2
87,8999999999971;4,18;7;4,18
87,9499999999971;4,19;7;4,19
87,9999999999971;4,21;7;4,21
88,0499999999971;4,23;7;4,23
88,0999999999971;4,34;7;4,34
88,1499999999971;4,41;7;4,41
88,1999999999971;4,4;7;4,4
88,2499999999971;4,51;7;4,51
88,2999999999971;4,57;7;4,57
88,3499999999971;4,61;7;4,61
88,3999999999971;4,61;7;4,61
88,4499999999971;4,64;7;4,64
88,4999999999971;4,6;7;4,6
88,5499999999971;4,62;7;4,62
88,5999999999971;4,58;7;4,58
88,6499999999971;4,5;7;4,5
88,6999999999971;4,44;7;4,44
88,7499999999971;4,45;7;4,45
88,7999999999971;4,44;7;4,44
88,8499999999971;4,4;7;4,4
88,8999999999971;4,38;7;4,38
88,9499999999971;4,35;7;4,35
88,9999999999971;4,39;7;4,39
89,0499999999971;4,37;7;4,37
89,0999999999971;4,41;7;4,41
89,1499999999971;4,38;7;4,38
89,1999999999971;4,43;7;4,43
89,2499999999971;4,45;7;4,45
89,2999999999971;4,49;7;4,49
89,3499999999971;4,5;7;4,5
89,3999999999971;4,48;7;4,48
89,4499999999971;4,54;7;4,54
89,4999999999971;4,48;7;4,48
89,5499999999971;4,54;7;4,54
89,5999999999971;4,48;7;4,48
89,6499999999971;4,49;7;4,49
89,699999999997;4,48;7;4,48
89,749999999997;4,48;7;4,48
89,799999999997;4,46;7;4,46
89,849999999997;4,43;7;4,43
89,899999999997;4,44;7;4,44
89,949999999997;4,39;7;4,39
89,999999999997;4,44;7;4,44
90,049999999997;4,38;7;4,38
90,099999999997;4,47;7;4,47
90,149999999997;4,44;7;4,44
90,199999999997;4,46;7;4,46
90,249999999997;4,45;7;4,45
90,299999999997;4,47;7;4,47
90,349999999997;4,47;7;4,47
90,399999999997;4,42;7;4,42
90,449999999997;4,48;7;4,48
90,499999999997;4,48;7;4,48
90,549999999997;4,5;7;4,5
90,599999999997;4,49;7;4,49
90,649999999997;4,49;7;4,49
90,699999999997;4,46;7;4,46
90,749999999997;4,48;7;4,48
90,799999999997;4,48;7;4,48
90,849999999997;4,41;7;4,41
90,899999999997;4,4;7;4,4
90,949999999997;4,41;7;4,41
90,999999999997;4,44;7;4,44
91,049999999997;4,41;7;4,41
91,099999999997;4,41;7;4,41
91,149999999997;4,42;7;4,42
91,199999999997;4,44;7;4,44
91,249999999997;4,47;7;4,47
91,299999999997;4,49;7;4,49
91,349999999997;4,44;7;4,44
91,399999999997;4,48;7;4,48
91,4499999999969;4,5;7;4,5
91,4999999999969;4,51;7;4,51
91,5499999999969;4,49;7;4,49
91,5999999999969;4,49;7;4,49
91,6499999999969;4,51;7;4,51
91,6999999999969;4,44;7;4,44
91,7499999999969;4,5;7;4,5
91,7999999999969;4,45;7;4,45
91,8499999999969;4,47;7;4,47
91,8999999999969;4,45;7;4,45
91,9499999999969;4,46;7;4,46
91,9999999999969;4,43;7;4,43
92,0499999999969;4,44;7;4,44
92,0999999999969;4,47;7;4,47
92,1499999999969;4,41;7;4,41
92,1999999999969;4,47;7;4,47
92,2499999999969;4,42;7;4,42
92,2999999999969;4,45;7;4,45
92,3499999999969;4,45;7;4,45
92,3999999999969;4,46;7;4,46
92,4499999999969;4,44;7;4,44
92,4999999999969;4,47;7;4,47
92,5499999999969;4,47;7;4,47
92,5999999999969;4,44;7;4,44
92,6499999999969;4,49;7;4,49
92,6999999999969;4,46;7;4,46
92,7499999999969;4,46;7;4,46
92,7999999999969;4,46;7;4,46
92,8499999999969;4,47;7;4,47
92,8999999999969;4,45;7;4,45
92,9499999999969;4,45;7;4,45
92,9999999999969;4,47;7;4,47
93,0499999999969;4,41;7;4,41
93,0999999999969;4,42;7;4,42
93,1499999999969;4,38;7;4,38
93,1999999999968;4,42;7;4,42
93,2499999999968;4,39;7;4,39
93,2999999999968;4,38;7;4,38
93,3499999999968;4,36;7;4,36
93,3999999999968;4,41;7;4,41
93,4499999999968;4,43;7;4,43
93,4999999999968;4,45;7;4,45
93,5499999999968;4,43;7;4,43
93,5999999999968;4,44;7;4,44
93,6499999999968;4,51;7;4,51
93,6999999999968;4,5;7;4,5
93,7499999999968;4,52;7;4,52
93,7999999999968;4,51;7;4,51
93,8499999999968;4,55;7;4,55
93,8999999999968;4,5;7;4,5
93,9499999999968;4,56;7;4,56
93,9999999999968;4,5;7;4,5
94,0499999999968;4,47;7;4,47
94,0999999999968;4,44;7;4,44
94,1499999999968;4,39;7;4,39
94,1999999999968;4,41;7;4,41
94,2499999999968;4,35;7;4,35
94,2999999999968;4,38;7;4,38
94,3499999999968;4,35;7;4,35
94,3999999999968;4,38;7;4,38
94,4499999999968;4,38;7;4,38
94,4999999999968;4,43;7;4,43
94,5499999999968;4,43;7;4,43
94,5999999999968;4,42;7;4,42
94,6499999999968;4,45;7;4,45
94,6999999999968;4,47;7;4,47
94,7499999999968;4,47;7;4,47
94,7999999999968;4,47;7;4,47
94,8499999999968;4,47;7;4,47
94,8999999999968;4,44;7;4,44
94,9499999999967;4,48;7;4,48
94,9999999999967;4,46;7;4,46
95,0499999999967;4,42;7;4,42
95,0999999999967;4,42;7;4,42
95,1499999999967;4,44;7;4,44
95,1999999999967;4,44;7;4,44
95,2499999999967;4,42;7;4,42
95,2999999999967;4,42;7;4,42
95,3499999999967;4,4;7;4,4
95,3999999999967;4,44;7;4,44
95,4499999999967;4,4;7;4,4
95,4999999999967;4,38;7;4,38
95,5499999999967;4,35;7;4,35
95,5999999999967;4,34;7;4,34
95,6499999999967;4,39;7;4,39
95,6999999999967;4,35;7;4,35
95,7499999999967;4,37;7;4,37
95,7999999999967;4,37;7;4,37
95,8499999999967;4,39;7;4,39
95,8999999999967;4,38;7;4,38
95,9499999999967;4,43;7;4,43
95,9999999999967;4,41;7;4,41
96,0499999999967;4,42;7;4,42
96,0999999999967;4,41;7;4,41
96,1499999999967;4,41;7;4,41
96,1999999999967;4,42;7;4,42
96,2499999999967;4,42;7;4,42
96,2999999999967;4,42;7;4,42
96,3499999999967;4,41;7;4,41
96,3999999999967;4,41;7;4,41
96,4499999999967;4,36;7;4,36
96,4999999999967;4,35;7;4,35
96,5499999999967;4,37;7;4,37
96,5999999999967;4,37;7;4,37
96,6499999999967;4,4;7;4,4
96,6999999999966;4,37;7;4,37
96,7499999999966;4,41;7;4,41
96,7999999999966;4,41;7;4,41
96,8499999999966;4,46;7;4,46
96,8999999999966;4,44;7;4,44
96,9499999999966;4,44;7;4,44
96,9999999999966;4,41;7;4,41
97,0499999999966;4,44;7;4,44
97,0999999999966;4,45;7;4,45
97,1499999999966;4,42;7;4,42
97,1999999999966;4,36;7;4,36
97,2499999999966;4,38;7;4,38
97,2999999999966;4,39;7;4,39
97,3499999999966;4,39;7;4,39
97,3999999999966;4,38;7;4,38
97,4499999999966;4,38;7;4,38
97,4999999999966;4,39;7;4,39
97,5499999999966;4,41;7;4,41
97,5999999999966;4,36;7;4,36
97,6499999999966;4,39;7;4,39
97,6999999999966;4,38;7;4,38
97,7499999999966;4,39;7;4,39
97,7999999999966;4,43;7;4,43
97,8499999999966;4,39;7;4,39
97,8999999999966;4,38;7;4,38
97,9499999999966;4,4;7;4,4
97,9999999999966;4,36;7;4,36
98,0499999999966;4,37;7;4,37
98,0999999999966;4,36;7;4,36
98,1499999999966;4,37;7;4,37
98,1999999999966;4,36;7;4,36
98,2499999999966;4,34;7;4,34
98,2999999999966;4,35;7;4,35
98,3499999999966;4,36;7;4,36
98,3999999999966;4,37;7;4,37
98,4499999999966;4,38;7;4,38
98,4999999999965;4,4;7;4,4
98,5499999999965;3,57;6;3,57
98,5999999999965;3,1;6;3,1
98,6499999999965;2,6;6;2,6
98,6999999999965;2,07;6;2,07
98,7499999999965;1,67;6;1,67
98,7999999999965;1,04;6;1,04
98,8499999999965;0,85;6;0,85
98,8999999999965;0,69;6;0,69
98,9499999999965;0,63;6;0,63
98,9999999999965;0,74;6;0,74
99,0499999999965;0,89;6;0,89
99,0999999999965;1,36;6;1,36
99,1499999999965;1,6;6;1,6
99,1999999999965;2,06;6;2,06
99,2499999999965;2,3;6;2,3
99,2999999999965;2,51;6;2,51
99,3499999999965;2,66;6;2,66
99,3999999999965;2,79;6;2,79
99,4499999999965;2,78;6;2,78
99,4999999999965;2,71;6;2,71
99,5499999999965;2,42;6;2,42
99,5999999999965;2,26;6;2,26
99,6499999999965;1,94;6;1,94
99,6999999999965;1,82;6;1,82
99,7499999999965;1,69;6;1,69
99,7999999999965;1,49;6;1,49
99,8499999999965;1,5;6;1,5
99,8999999999965;1,49;6;1,49
99,9499999999965;1,49;6;1,49
99,9999999999965;1,55;6;1,55
100,049999999996;1,68;6;1,68
100,099999999996;1,77;6;1,77
100,149999999996;1,87;6;1,87
100,199999999996;1,97;6;1,97
100,249999999996;2,04;6;2,04
100,299999999996;2,15;6;2,15
100,349999999996;2,17;6;2,17
100,399999999996;2,19;6;2,19
100,449999999996;2,18;6;2,18
100,499999999996;2,12;6;2,12
100,549999999996;2,08;6;2,08
100,599999999996;1,98;6;1,98
100,649999999996;1,93;6;1,93
100,699999999996;1,88;6;1,88
100,749999999996;1,83;6;1,83
100,799999999996;1,75;6;1,75
100,849999999996;1,7;6;1,7
100,899999999996;1,72;6;1,72
100,949999999996;1,73;6;1,73
100,999999999996;1,77;6;1,77
101,049999999996;1,8;6;1,8
101,099999999996;1,85;6;1,85
101,149999999996;1,91;6;1,91
101,199999999996;1,95;6;1,95
101,249999999996;2,01;6;2,01
101,299999999996;2,01;6;2,01
101,349999999996;2,03;6;2,03
101,399999999996;2,03;6;2,03
101,449999999996;2,03;6;2,03
101,499999999996;1,98;6;1,98
101,549999999996;1,98;6;1,98
101,599999999996;1,92;6;1,92
101,649999999996;1,93;6;1,93
101,699999999996;1,91;6;1,91
101,749999999996;1,88;6;1,88
101,799999999996;1,84;6;1,84
101,849999999996;1,83;6;1,83
101,899999999996;1,8;6;1,8
101,949999999996;1,83;6;1,83
101,999999999996;1,85;6;1,85
102,049999999996;1,83;6;1,83
102,099999999996;1,85;6;1,85
102,149999999996;1,87;6;1,87
102,199999999996;1,92;6;1,92
102,249999999996;1,94;6;1,94
102,299999999996;1,94;6;1,94
102,349999999996;1,96;6;1,96
102,399999999996;1,94;6;1,94
102,449999999996;1,96;6;1,96
102,499999999996;1,96;6;1,96
102,549999999996;1,93;6;1,93
102,599999999996;1,9;6;1,9
102,649999999996;1,9;6;1,9
102,699999999996;1,87;6;1,87
102,749999999996;1,83;6;1,83
102,799999999996;1,85;6;1,85
102,849999999996;1,84;6;1,84
102,899999999996;1,83;6;1,83
102,949999999996;1,8;6;1,8
102,999999999996;1,8;6;1,8
103,049999999996;1,85;6;1,85
103,099999999996;1,89;6;1,89
103,149999999996;1,88;6;1,88
103,199999999996;1,89;6;1,89
103,249999999996;1,91;6;1,91
103,299999999996;1,96;6;1,96
103,349999999996;1,96;6;1,96
103,399999999996;1,94;6;1,94
103,449999999996;1,94;6;1,94
103,499999999996;1,92;6;1,92
103,549999999996;1,93;6;1,93
103,599999999996;1,91;6;1,91
103,649999999996;1,9;6;1,9
103,699999999996;1,87;6;1,87
103,749999999996;1,84;6;1,84
103,799999999996;1,86;6;1,86
103,849999999996;1,87;6;1,87
103,899999999996;1,85;6;1,85
103,949999999996;1,86;6;1,86
103,999999999996;1,83;6;1,83
104,049999999996;1,84;6;1,84
104,099999999996;1,83;6;1,83
104,149999999996;1,84;6;1,84
104,199999999996;1,85;6;1,85
104,249999999996;1,85;6;1,85
104,299999999996;1,85;6;1,85
104,349999999996;1,89;6;1,89
104,399999999996;1,92;6;1,92
104,449999999996;1,93;6;1,93
104,499999999996;1,92;6;1,92
104,549999999996;1,91;6;1,91
104,599999999996;1,89;6;1,89
104,649999999996;1,91;6;1,91
104,699999999996;1,87;6;1,87
104,749999999996;1,86;6;1,86
104,799999999996;1,83;6;1,83
104,849999999996;1,83;6;1,83
104,899999999996;1,83;6;1,83
104,949999999996;1,83;6;1,83
104,999999999996;1,83;6;1,83
105,049999999996;1,84;6;1,84
105,099999999996;1,82;6;1,82
105,149999999996;1,83;6;1,83
105,199999999996;1,87;6;1,87
105,249999999996;1,89;6;1,89
105,299999999996;1,91;6;1,91
105,349999999996;1,93;6;1,93
105,399999999996;1,91;6;1,91
105,449999999996;1,92;6;1,92
105,499999999996;1,92;6;1,92
105,549999999996;1,93;6;1,93
105,599999999996;1,94;6;1,94
105,649999999996;1,91;6;1,91
105,699999999996;1,87;6;1,87
105,749999999996;1,82;6;1,82
105,799999999996;1,83;6;1,83
105,849999999996;1,81;6;1,81
105,899999999996;1,81;6;1,81
105,949999999996;1,79;6;1,79
105,999999999996;1,79;6;1,79
106,049999999996;1,79;6;1,79
106,099999999996;1,84;6;1,84
106,149999999996;1,83;6;1,83
106,199999999996;1,87;6;1,87
106,249999999996;1,86;6;1,86
106,299999999996;1,89;6;1,89
106,349999999996;1,93;6;1,93
106,399999999996;1,91;6;1,91
106,449999999996;1,93;6;1,93
106,499999999996;1,91;6;1,91
106,549999999996;1,9;6;1,9
106,599999999996;1,9;6;1,9
106,649999999996;1,89;6;1,89
106,699999999996;1,88;6;1,88
106,749999999996;1,88;6;1,88
106,799999999996;1,88;6;1,88
106,849999999996;1,86;6;1,86
106,899999999996;1,84;6;1,84
106,949999999996;1,85;6;1,85
106,999999999996;1,82;6;1,82
107,049999999996;1,82;6;1,82
107,099999999996;1,82;6;1,82
107,149999999996;1,81;6;1,81
107,199999999996;1,81;6;1,81
107,249999999996;1,8;6;1,8
107,299999999996;1,83;6;1,83
107,349999999996;1,86;6;1,86
107,399999999996;1,87;6;1,87
107,449999999996;1,85;6;1,85
107,499999999996;1,84;6;1,84
107,549999999996;1,86;6;1,86
107,599999999996;1,89;6;1,89
107,649999999996;1,87;6;1,87
107,699999999996;1,87;6;1,87
107,749999999996;1,87;6;1,87
107,799999999996;1,87;6;1,87
107,849999999996;1,86;6;1,86
107,899999999996;1,84;6;1,84
107,949999999996;1,84;6;1,84
107,999999999996;1,83;6;1,83
108,049999999996;1,84;6;1,84
108,099999999996;1,86;6;1,86
108,149999999996;1,85;6;1,85
108,199999999996;1,83;6;1,83
108,249999999996;1,86;6;1,86
108,299999999996;1,82;6;1,82
108,349999999996;1,87;6;1,87
108,399999999996;1,87;6;1,87
108,449999999996;1,84;6;1,84
108,499999999996;1,86;6;1,86
108,549999999996;1,83;6;1,83
108,599999999996;1,85;6;1,85
108,649999999996;1,84;6;1,84
108,699999999996;1,85;6;1,85
108,749999999996;1,84;6;1,84
108,799999999996;1,82;6;1,82
108,849999999996;1,83;6;1,83
108,899999999996;1,83;6;1,83
108,949999999996;1,84;6;1,84
108,999999999996;1,85;6;1,85
109,049999999996;1,84;6;1,84
109,099999999996;1,84;6;1,84
109,149999999996;1,86;6;1,86
109,199999999996;1,86;6;1,86
109,249999999996;1,85;6;1,85
109,299999999996;1,84;6;1,84
109,349999999996;1,86;6;1,86
109,399999999996;1,83;6;1,83
109,449999999996;1,84;6;1,84
109,499999999996;1,83;6;1,83
109,549999999996;1,83;6;1,83
109,599999999996;1,83;6;1,83
109,649999999996;1,85;6;1,85
109,699999999996;1,84;6;1,84
109,749999999996;1,85;6;1,85
109,799999999996;1,88;6;1,88
109,849999999996;1,86;6;1,86
109,899999999996;1,85;6;1,85
109,949999999996;1,85;6;1,85
109,999999999996;1,86;6;1,86
110,049999999996;1,83;6;1,83
110,099999999996;1,83;6;1,83
110,149999999996;1,82;6;1,82
110,199999999996;1,81;6;1,81
110,249999999996;1,81;6;1,81
110,299999999996;1,8;6;1,8
110,349999999996;1,81;6;1,81
110,399999999996;1,82;6;1,82
110,449999999996;1,82;6;1,82
110,499999999996;1,83;6;1,83
110,549999999996;1,85;6;1,85
110,599999999996;1,84;6;1,84
110,649999999996;1,87;6;1,87
110,699999999996;1,9;6;1,9
110,749999999996;1,91;6;1,91
110,799999999996;1,91;6;1,91
110,849999999996;1,91;6;1,91
110,899999999996;1,89;6;1,89
110,949999999996;1,9;6;1,9
110,999999999996;1,87;6;1,87
111,049999999996;1,86;6;1,86
111,099999999996;1,83;6;1,83
111,149999999996;1,8;6;1,8
111,199999999996;1,82;6;1,82
111,249999999996;1,83;6;1,83
111,299999999996;1,81;6;1,81
111,349999999996;1,81;6;1,81
111,399999999996;1,81;6;1,81
